Generator_ID,Generator_Type,Temperature_C,Humidity_%,Wind_Speed_mps,Solar_Radiation_Wm2,Air_Quality_Index,Noise_Levels_dB,Carbon_Emissions_gCO2kWh,Power_Output_MW,Maintenance_Frequency,Overall_Rank
1,Diesel,25.262618622392857,24.514834807183785,0.7334285386708594,760.9907600280939,135,33.58298933825336,113.82822191565344,34.80110169082553,6,2
2,Nuclear,41.322873305387084,56.643324877575374,14.72804030131281,35.31135494023907,148,70.29853689276179,162.39122241901333,45.42910159546686,14,3
3,Hydro,16.002480051530586,43.713964047399834,13.276090552436102,745.7337827312322,58,64.93252558609387,91.79622470057572,91.41003536172418,12,1
4,Nuclear,44.77616142481003,81.41373688615799,9.492617514996278,202.48056016523742,122,89.41253361525729,129.42744643692748,19.749948370599764,11,4
5,Nuclear,19.460083936708156,75.39548493907527,16.883408979383944,958.0734801193802,47,44.34952666693458,141.12439144223669,1.4976287083705082,19,5
6,Wind,0.541882574014918,37.34538813583008,16.113403059001065,367.9407513020845,73,61.84424131721015,174.48017818913922,6.949544627438845,5,4
7,Hydro,45.26909882096318,30.7538746745034,11.707087287935042,326.9316163380791,78,69.05744010708436,377.2013218725679,90.57186782633167,14,3
8,Hydro,4.564333839306678,40.375392653381354,17.365425610265174,148.88805033244466,145,68.67547048454063,290.23697988679436,65.10413001949294,16,4
9,Hydro,15.965681879520744,57.22359540118462,4.1168242007353655,305.60421549021487,171,63.67761257690417,493.2608692561867,28.031021313452868,13,5
10,Nuclear,47.50309835254025,31.4450912658301,2.2383923879545575,876.6507618282005,185,76.61568061963354,213.2205552140608,18.54205760010792,4,3
11,Diesel,47.53035734687781,59.93191262793072,5.394992230339792,996.3343376272474,125,42.29887257160898,379.39388618009326,30.13240692707432,11,4
12,Hydro,28.671894406164306,42.752932175299236,1.141737121786297,368.3095305068483,193,73.53763201646495,437.01952647450156,12.36489579787673,17,5
13,Nuclear,31.591860608489963,54.16377446815842,10.62339056002064,448.61063095454256,74,67.18407428598536,342.69946158864053,94.21175811815966,7,2
14,Wind,22.42227609891599,44.890122330825335,18.732113845899228,722.070938202737,40,83.7645067076744,211.81372280457305,78.63641126216142,14,2
15,Diesel,14.660538584903227,33.55726076335341,0.7868708133701929,886.1957804650746,141,80.8316663420149,379.26136906541893,46.77672651434153,11,4
16,Wind,16.4332272684958,85.87626455697253,2.442198280200536,593.0443341867841,122,48.9088223479532,109.79689750861559,86.631297906405,9,1
17,Diesel,33.62592280385192,71.08846353278086,9.043980565668706,391.5256981778293,118,46.574239498509186,170.5005609382649,25.696362225029997,13,4
18,Nuclear,37.618726471884,21.209054061316202,18.6775003505581,412.6218408486237,187,88.89919943114687,277.8757749986515,71.99493627874716,18,3
19,Solar,39.578952186292426,79.47743807183302,6.32312209953501,695.6181464968068,78,61.635910854915394,291.9505997702127,85.7571174023606,11,2
20,Diesel,39.48090713972769,48.99449585996109,10.144696173767848,3.2182636042786816,167,84.38525783486621,20.849322981588436,36.32010245070399,15,1
21,Wind,4.560305152434518,81.56417815152732,0.8314571810078419,619.5893374598406,129,39.83286142682893,473.1059524904443,75.98898009962105,19,4
22,Nuclear,24.721015235129073,73.98842047578522,2.9668640192417772,355.4930104413574,97,68.56913488801047,351.3473628965211,30.212162577166627,1,1
23,Diesel,2.877938000832214,44.017080357538674,19.73260245917694,794.1973312770842,196,78.59161124163518,252.8948376136266,30.586856390644048,4,2
24,Solar,27.476444116186777,11.797544665609392,19.30237392872091,92.99063982313216,76,86.84371497518681,467.2323448600711,11.59866067686442,14,5
25,Solar,22.07652506866885,31.494188750795686,0.09879961868819231,588.2022669483905,84,50.24040846102141,225.15682697290595,44.56574660443047,14,4
26,Hydro,44.38520913791499,53.330737172869355,19.03623570846478,480.97288988612377,54,73.49887019544315,490.4134294324822,73.2414787432448,3,2
27,Hydro,17.545750627603933,60.67825758609178,12.782398756310007,642.3255259052274,13,62.328780542377146,261.0195310493077,94.0818597515572,17,3
28,Wind,5.853350821380293,30.631014834656185,17.358365890400442,64.85359448296835,163,33.637735563988095,66.00002729900993,60.77590220098051,3,1
29,Diesel,7.149584102641793,21.14848592582593,9.094797112677181,579.9837874281313,164,71.3999842385366,384.7524765050459,86.45041823583817,16,4
30,Diesel,38.07553158587361,76.79441894394392,10.311920571585006,561.4845879595238,183,71.4057934942706,342.6598852881419,82.42697027973249,14,3
31,Hydro,30.910903165813053,88.75217445628417,9.776931605138405,560.660094416171,116,85.83640829079222,388.7634934397375,18.160962244552806,13,5
32,Diesel,5.0561338061395125,52.055214584214866,13.337285150922087,603.4876665964548,60,59.83874677013834,476.2065940755837,49.095925462350515,15,5
33,Diesel,4.205340305749871,23.734342867864278,2.793025095126258,676.4679372263622,59,43.815055242630876,390.4797582989989,12.575430017013757,14,5
34,Solar,35.048456572956,31.784586121549516,0.599471797453559,804.9889996807698,15,32.673829406920746,309.55493508615695,68.53316299460187,19,4
35,Hydro,3.6381503182096764,11.471254123797339,6.158598831823818,269.82072012821436,68,54.93853120115434,430.081362156812,95.04006715636152,6,2
36,Nuclear,41.09300296451781,83.14390452483993,14.093615254732935,825.0494101800621,134,48.11500200465011,339.89075528372047,14.571856349796894,10,5
37,Hydro,35.31211135782481,19.42008663121129,4.037069042458967,498.25568226345365,152,75.66529836143253,209.9783378447023,73.65442994945158,15,3
38,Nuclear,4.067439032094988,56.121318041140285,13.468648666498346,77.05827913433116,39,51.25606589046279,443.9536844784689,63.59157693591823,6,3
39,Solar,4.241885704259596,31.92441765497648,19.39824092214541,58.5509292439792,179,86.94427177889064,118.7312257843427,58.77689866380187,10,2
40,Wind,49.33197892505877,54.33424020126347,1.8780143157883677,334.2383186960608,131,87.73861217926705,360.17422470527487,39.621903234145584,7,3
41,Diesel,18.713539787806017,62.11363106814914,13.452042364502525,784.8969771114675,134,67.25451541306248,441.9660929209709,36.15803312762744,17,5
42,Solar,18.532107353344546,76.37934429657614,8.875004386091423,707.6809347409157,46,85.71961722089297,368.34509465461514,5.479669712869898,18,5
43,Diesel,40.63997836287513,26.513701740848255,17.362845087550106,788.6149646724065,179,75.65126067086973,351.6649553363899,22.572962116949334,17,5
44,Wind,47.36242886919293,10.879666292678438,3.542995788947718,517.2690564416093,133,62.81157845850757,378.79276409519963,2.502511346395863,9,5
45,Wind,49.30005319114355,20.950850405504582,13.85251904452329,440.19899795549054,110,40.818476125366686,237.87707166731573,58.56029345262003,10,2
46,Solar,37.66890926294708,82.0014913478484,16.762305792962206,147.45252670628395,44,57.515876610830404,438.3436342569427,11.479470351912976,10,5
47,Wind,18.81297927654579,79.91120620500122,18.892284389480466,328.1927536093115,96,63.652467801757055,109.68387281668468,87.42892000894189,7,1
48,Nuclear,4.175035834933438,57.79304817362466,13.664960565792917,434.01936617387526,143,81.83769484410061,72.41934384016625,52.791159049019356,16,2
49,Wind,38.85734579637184,58.04134883469227,9.943495280168547,88.60042967961724,27,58.88000259213989,149.89930225807066,70.26930099681213,18,2
50,Diesel,27.920212486790252,63.20293396370044,12.356944804024277,220.61195271121125,122,83.8604803606774,270.4729244197467,41.67485209220915,6,2
51,Diesel,21.211100462348814,24.029702289875967,17.378099689574363,598.2252940637388,38,70.46093874140814,260.17527975057567,56.49740109110382,1,1
52,Diesel,45.3177192547368,83.15295567399679,11.412194932776593,735.6631142391899,86,38.21994378322028,412.0933912615275,94.32325851969642,1,1
53,Diesel,5.559874115307567,43.50164199136585,0.6077411939367372,998.3475113929496,68,89.69888215950559,208.23864163796853,9.190669922743405,12,5
54,Nuclear,24.631255214542957,40.65108225995979,18.618973910139555,933.1133313435577,184,61.633959645234754,247.32876888283923,26.13983942044592,2,2
55,Hydro,0.5676822383709534,51.513416422627,13.790535020631223,642.5651995351915,135,53.51149778454473,16.55016479710386,78.21884436414389,4,1
56,Solar,23.433032099706313,13.757277342004404,13.53026771554493,421.248053294072,154,69.5468258681716,210.77222585704016,10.77498348138392,17,5
57,Diesel,2.8151637840918675,23.302669500486353,4.3135030479543435,636.1773647082327,118,36.533598838862346,327.40937414566764,8.490449286506975,4,5
58,Wind,5.940895813403596,69.04268931410964,13.177709404653143,785.651618080232,31,68.19231880520127,17.59908200703017,36.792598476649815,11,1
59,Diesel,5.876312338855244,16.623893434010117,7.87728811308317,118.33619092338732,77,59.89416002995638,147.63216294125945,10.1246278887708,4,3
60,Wind,32.460515105803175,58.252168757311054,13.024659540829841,409.90488969628825,78,54.400444199914986,111.89861605180107,58.9227657784141,1,1
61,Wind,37.30224396327117,29.627928774505676,2.1318606061598144,839.8022856356172,174,87.18120127073395,30.57286016569823,23.401249830843383,7,1
62,Diesel,29.168438254857982,41.143649123358124,13.156906092060721,383.832951933044,58,61.352383003923194,244.83744405812337,89.67409835673786,18,3
63,Nuclear,48.10862742372709,33.09549894165599,19.98827451541333,571.8722712271865,150,43.147048768196306,99.04441368179668,78.56650800368041,9,1
64,Wind,18.743528976185203,38.45381731719593,0.9642407772111206,587.7693608621983,171,57.53780876263792,374.10995441937627,70.27081540384815,3,1
65,Wind,14.285604314093037,67.52367241473964,19.543483684426345,184.47625313363935,118,85.16324427436035,425.48466304404076,62.07745871106569,8,3
66,Diesel,43.429956409473014,33.769737249854,8.138159214457412,362.2354416522884,95,40.56572827983568,277.33673950788244,86.48310730380487,19,3
67,Wind,11.179791925972632,55.312371223751775,17.415069006745185,334.51128874193216,62,42.83742232129421,491.0365978353594,23.08314409273293,4,4
68,Wind,48.161126972030566,48.08403217592797,15.64770968116547,26.196708532064793,132,30.781774065425026,230.73450002059172,87.43777543365853,18,3
69,Diesel,0.6077237344908171,63.09369322901185,11.340325219733355,24.191763891355244,96,30.851402963746033,261.55042301020865,79.15973754398118,11,2
70,Diesel,48.493941335381955,84.94637914598064,14.76898418502653,831.6970436757734,188,79.76349761751075,494.71669943929754,75.06792181238087,14,4
71,Solar,2.1579955975288057,68.60576777682002,17.57031122602696,273.0708099728124,140,73.92735641057735,123.45873362287392,56.56431212941748,18,2
72,Nuclear,44.557155684903556,27.195230287260543,8.082806433020659,518.0787662388154,51,51.3024633871175,471.8475104416836,25.37817193608941,16,5
73,Nuclear,26.385055454314994,12.494650804902774,6.540663231264774,298.72557358877305,107,71.89866943365436,30.99040200836549,42.931243683197735,3,1
74,Wind,49.64823980596502,30.98112354398601,13.351867711271694,940.6792451153406,169,53.71235557859821,228.72957622896544,79.56349479934136,15,3
75,Nuclear,3.689828236769943,57.60623445602039,16.15691883882517,259.29675886577377,118,87.17380775986965,44.30172094520223,4.14606995137512,4,3
76,Wind,27.69271422006604,14.114065078740028,15.245702695532316,429.65681273893506,60,88.02316088556209,367.32502402768506,78.42302615711206,5,2
77,Solar,48.46512678095495,49.70929977609891,15.95627297717269,872.7302504846018,94,53.567626548560604,308.1203785812087,24.767003308269082,17,5
78,Diesel,26.15489220850744,57.74742791335114,8.71166629625866,841.9335667918086,183,81.25331438045208,356.25078909912224,15.2866108714387,7,5
79,Diesel,31.469931906763126,36.73951126535687,16.35668432350043,186.10141784627731,136,76.38534250184797,193.49539598432833,12.454430499849913,16,5
80,Diesel,34.78743444923086,71.67297629966575,2.404181107412169,802.6433097957104,30,48.599996230307354,191.04614767537635,3.697751183130696,14,5
81,Nuclear,22.727053238388663,18.527860250701742,10.889781959216991,458.1868867378927,53,43.92238973406636,32.206446690838355,52.83506203692384,16,1
82,Solar,31.377904004203174,16.0110225388647,0.11517320996243141,482.9688720853552,148,57.49407902357003,181.47302036952348,22.60772739667922,7,3
83,Nuclear,29.21571559615501,68.25510049628826,6.4917165980054055,133.4799724159438,112,76.88093043686438,465.35131710840915,98.95374481218353,9,3
84,Nuclear,45.057900524549446,49.63930529649588,7.329230697427958,80.60151375712465,77,87.61006708372472,195.82100321842,57.86923883134837,4,1
85,Solar,2.2723190170728937,65.07219171421889,7.923453832185108,727.9393069737652,138,75.81474413199436,417.3701760487653,14.650641666245031,11,5
86,Solar,14.048159479611517,44.7861870882997,13.909344133797244,496.46115235529976,101,81.3124191011022,422.7394973274677,69.18749154032517,2,1
87,Solar,47.520574203827934,29.712162659128545,7.771162025406914,436.85070261517956,33,66.183858370231,192.88816662582457,89.8766130844628,12,2
88,Solar,44.51318919454582,75.52818541393597,8.973872452450614,729.5082286523967,134,80.12446985052756,319.6744533941326,74.77277004159183,12,3
89,Diesel,22.782837639285646,73.95327031751833,4.75088261748655,765.5128989911098,150,77.06525148020506,56.73208511379873,8.567546242905319,4,2
90,Hydro,31.006629890076837,65.57571766835414,7.465035832586802,158.90816766935356,120,52.61913251557681,60.80250455979548,89.6925339380733,18,1
91,Hydro,13.869059149056634,31.771610978397014,4.545392545263029,610.2251494776413,107,63.119418127243264,33.84225519423953,79.5990092001365,7,1
92,Solar,9.406057986188065,57.21845334952697,1.4639184753688728,135.35408227768554,148,78.28518731938169,294.6973957538036,16.672086110455822,1,2
93,Hydro,23.18492024699911,38.87791175520214,12.068971867627559,751.3750860290456,188,32.76340405139738,218.77477903678755,6.12680298454887,13,5
94,Hydro,17.66761140130264,17.326565866130732,13.364255971100325,656.9551562671395,26,78.48475694134979,278.53585476547767,56.17374695611654,6,2
95,Solar,29.182805592543602,83.38508603697943,12.38980692019229,956.6146210834579,108,40.67328744294141,265.32586334911,16.447545322657714,6,4
96,Hydro,3.8867318482492417,20.945490473516912,9.269880876011447,68.95801635642118,91,60.88101702728633,181.59946563445783,83.62450430693194,12,2
97,Nuclear,48.71974038330833,86.0189883056642,7.595715603584596,57.05472115125432,113,78.49652637335626,341.9619732635017,36.4751310104957,8,4
98,Wind,49.31053722398014,45.68046183663646,17.266672991436504,282.18707469320015,161,45.22926468940169,381.6659216490314,91.37635202892096,19,4
99,Wind,34.90808570098726,24.810634307089572,10.381635702724362,261.70568373590595,28,44.74844635836918,17.1678468500611,57.00312904195957,5,1
100,Solar,26.80481831720602,53.35207579026865,9.58363755259462,246.97879907199982,174,54.165863907735115,111.54872688675037,19.084566039727147,18,4
101,Diesel,15.476380814316387,79.83566687011266,0.5128413161287138,906.2545805210367,94,83.67856785465807,359.48557536083507,14.820287868620209,5,4
102,Solar,40.68975098534743,68.5779909127649,6.824956552523127,249.5461998495061,17,30.026566886232473,199.44388459057876,58.07077131821764,10,2
103,Diesel,34.23655862769397,74.52489182891598,7.603912375717141,271.94972612863097,37,84.08298579851609,334.617134001388,76.42647757438195,1,1
104,Wind,8.130846967244565,62.70266933685739,7.97645561793801,759.3982624179637,14,39.228421478496465,180.01170326993363,78.36905912647603,10,2
105,Solar,45.546359224692125,65.3821251614282,11.603447384546646,449.73984245054,154,89.40518256404891,201.47002464152217,28.299983039686847,5,2
106,Nuclear,41.12686214615845,77.93565212522554,10.67205093453757,776.7105569551812,110,87.29081958230809,87.7526481079456,21.22042913230458,12,3
107,Hydro,47.4899956645962,29.973440708734877,12.158101855868892,65.36615756438525,173,59.680511375476996,136.53319963641843,2.658874144745859,7,5
108,Diesel,36.285975419418,49.15399709145124,15.297665230842565,487.5711936733843,127,60.763214868757686,306.6517611787178,68.24071596891577,9,2
109,Hydro,30.670759796789493,27.696755345568178,16.25971477432187,33.613600183282635,156,58.89296041655126,222.24992454443154,8.580257584920359,12,5
110,Hydro,20.912151814530944,89.01344063973175,14.362461524529888,62.65320345535452,73,68.12661873957136,389.4083146428516,42.655358974826655,1,1
111,Solar,46.63642416770066,85.52474717492906,19.110473919098695,906.437453344411,100,35.44330213409586,427.76662791978794,60.56653423781131,11,4
112,Hydro,43.30319447502042,13.154144909480472,0.3646516535272326,139.24537111759517,126,31.95707690049399,275.40674492621235,93.77378554704802,15,3
113,Nuclear,2.2609335053094703,66.44601380125508,3.915559713670922,532.4206822752171,107,33.46217570495393,381.55097310746896,31.868411558621094,2,2
114,Hydro,1.3183487248626002,84.01986539325327,0.1512574995628424,411.09560260070657,20,56.66192095449087,160.38321146533931,25.72744408220546,7,3
115,Solar,18.82316834390248,24.446027610186682,12.94949428309206,347.3433262588427,63,46.532876353169,213.33589554603833,65.76185527432375,12,2
116,Nuclear,40.52766653909165,55.435618444210355,17.96061097899974,899.8333456872724,182,67.32237374225963,359.2610613462472,62.30466417330459,18,4
117,Wind,49.363806465747224,83.23906380704335,4.8696459315259855,21.8233967754895,56,89.54653736248673,199.24387648034502,33.87886854750433,3,1
118,Hydro,7.520844555176409,12.715678286863907,18.540690895926133,663.789686175589,149,53.179390384587954,298.3674182279045,92.88208171546887,7,2
119,Solar,29.706535767606756,65.7936213797472,1.205347805791217,963.3944342135504,158,64.4304752462708,100.83266175043063,84.64137042147364,11,1
120,Wind,19.044542831551077,33.78792058980406,18.688720536110285,560.168183461842,148,54.936233754440124,303.887944335544,23.174272040643032,18,5
121,Wind,48.49571989073016,83.95169563012243,7.032453744792688,936.8224620330918,14,80.83630006331157,432.14171654117786,24.675111998017794,12,5
122,Diesel,42.105946156785436,87.68465961322943,2.0284165689843303,52.257879286023766,193,84.13418420773428,435.63342351347853,51.71773434182098,6,3
123,Nuclear,41.91643523555689,85.54131912907471,9.717435183726513,418.7933190741614,29,82.64133673231561,364.92875910147444,77.58363807134131,5,2
124,Hydro,23.434657989748516,47.9371373325971,5.135531354410158,260.15779096205114,178,88.46233432075545,375.4191557473018,5.359997559457975,1,4
125,Solar,20.74097511688326,78.96341207914507,5.697458039238457,730.8209649807297,55,31.65115110842492,283.38444812384336,69.64018021973595,12,3
126,Diesel,13.670353596535312,77.56395188280563,6.1457992985257315,981.2970904972467,21,80.38896972873187,296.4873641812541,65.1753538408276,11,3
127,Nuclear,2.8187748325463557,35.528037859460454,16.060517956653268,256.5300624442478,79,75.10633038234559,75.48878489115381,23.916529495385834,4,1
128,Diesel,43.23611881275266,76.3132379320542,10.783225533505089,654.1746014740745,26,43.721664564021886,227.49100232643755,68.45394831089352,18,3
129,Nuclear,40.64505045650388,12.96061077723941,6.2261539831200725,198.09763275974012,124,87.37920560325165,230.88037910431828,94.07813593395618,4,1
130,Nuclear,49.98588366430653,57.70159027856424,12.206675666218366,565.3302545716099,156,38.89067569379673,479.6639394771927,5.631798652205084,17,5
131,Hydro,49.831841853695266,28.400706983016242,14.323013484463871,463.9324866883362,163,70.7729956280345,221.23256268541184,32.64555347391419,2,1
132,Nuclear,27.771585280131372,19.645350862182305,5.452480014670675,972.005329631537,57,43.49341300895475,279.17789600235125,44.37949494996917,2,1
133,Diesel,38.44937075902553,16.156256130336732,8.27098203050703,608.5272726964665,117,55.88283892644448,271.2931856467602,90.02677553354427,12,2
134,Nuclear,47.238286494121404,65.70310207025118,2.437721866738951,349.50637208681877,61,73.14959381667413,322.0132413517203,96.26388321430652,6,2
135,Hydro,42.482369533870575,37.18999710144529,3.6229869906936063,114.09578488793338,105,63.7994785219828,376.63408735262897,44.9674094031369,10,4
136,Hydro,12.367405087159883,67.98134172230093,13.622357079299656,151.24682873493455,79,55.6501098796867,120.27051932372734,75.25281280207693,16,2
137,Diesel,22.527206765504676,15.22850726391539,3.628766953912539,225.3169299512351,192,49.580305855919235,269.0749653582335,53.634441352683815,14,4
138,Wind,6.457970757574749,35.223227026448825,10.503267673341202,250.966661340298,111,80.37957934252742,414.6996765848549,54.240510539396276,7,3
139,Wind,47.70255136293612,53.15930339002698,14.180925234448654,850.6160578411378,84,38.62886101888883,236.92620978038062,28.531851991569287,19,5
140,Nuclear,30.308731722544003,73.25785318711709,2.1375384618948767,561.2227882825249,170,55.806172591788005,146.44419772305076,22.478668340524074,17,4
141,Solar,11.432140275173136,35.5002002345656,11.346244392578072,523.3909113743664,199,84.22545430650854,330.80744692458654,29.512529246480074,9,4
142,Nuclear,33.58503422029283,60.071310114960724,5.131255674027275,114.76887186921746,160,80.75097302759806,413.64602394157026,56.07647271845085,13,4
143,Diesel,30.90641202289479,80.87821985889497,19.258537504751597,860.139693349435,152,54.056505748382804,40.93874353442175,3.8863634161868106,5,3
144,Diesel,17.908135901642027,59.26905505458436,9.670912934398494,722.8143032084837,164,75.7865018160785,390.6273368695413,90.81764549128417,5,2
145,Diesel,5.677879609981451,28.636757980290703,16.119850995503164,67.66836190000159,188,79.38964984253155,412.6074871512679,16.472087245427844,10,5
146,Diesel,33.57865977963998,11.952062524523042,11.004530843125234,707.8350972297686,190,83.33324544021778,236.14623451841734,22.78877901026727,10,4
147,Diesel,26.015385045189664,79.60790991207439,0.8682506570963833,543.538217342646,91,62.670346142953676,491.81977184104903,52.30934146831699,7,3
148,Hydro,38.61591958678196,11.701552868030971,12.663027511880447,81.72534574677826,101,42.26765316328271,395.4870869465815,71.30136186739065,15,4
149,Wind,26.00817505559967,79.97613381473596,19.02806684413314,458.30064152865646,188,45.3185445902359,389.0946567988762,10.477176419695333,7,5
150,Diesel,42.609075015927004,52.31497072217696,12.032236402926625,484.696287130047,184,47.74168044249625,376.4409014619152,32.45177505716906,15,5
151,Solar,27.595341938724278,85.1254158810317,16.383777188535802,165.77454016327576,13,65.62814884857693,83.79797057695426,96.89878595186136,3,1
152,Solar,28.046898576769312,73.90265886189323,17.684129266968156,945.6981470002823,144,31.968577447716505,116.4431343619753,26.971953711313624,19,4
153,Solar,43.832680132917254,89.834728842667,4.5615954389786495,849.9753714806619,118,68.1625481267981,237.35516441756826,31.99196436125154,10,4
154,Solar,20.17414331061985,38.05694523613681,4.240896798164533,669.0223373291083,172,51.86125430569392,139.3621314801383,83.81335057118531,15,2
155,Hydro,6.700761422532037,71.37506311449016,12.219619777019835,462.2955610006072,57,47.71450814937853,213.46807644367982,5.97122873735507,3,4
156,Solar,1.4391338156669486,42.15447308873937,8.220569396134094,411.7655415845085,82,82.76979424368758,445.3474138622311,46.99670371208811,6,3
157,Diesel,37.75686278368095,48.39004962431271,16.797226057334406,650.9734671509542,81,57.60014373484793,413.9201770208419,38.58205968071535,12,4
158,Nuclear,31.015477567673233,60.20043705746961,18.000462467960222,545.4318694069054,125,35.70318273196157,318.7195404551913,32.34208923095646,15,5
159,Solar,35.20398840496118,79.8941691349071,7.068427586054362,62.27310588188561,182,79.60480608157482,430.47899318304076,29.28425981043169,6,4
160,Hydro,10.648208075445536,88.72667753594361,4.737411179489641,512.5026487703317,90,32.8584754461904,394.04847061845214,10.04603638118051,13,5
161,Hydro,6.818573779338488,71.46187310916146,15.610510304877236,806.4036172328395,90,73.6049534500918,220.20261660203633,32.16775710581324,19,4
162,Solar,0.7272332833940964,43.4213425733867,5.496120710962722,459.2398775969581,122,76.4343733062399,108.52192450447312,5.262187868851188,3,3
163,Nuclear,17.529377940329848,43.70856018216561,16.45228637027357,51.956577554268414,105,51.15615635573149,261.9585096045762,78.31542250079909,8,2
164,Solar,29.495884342731653,69.00658412711132,8.474765072975256,786.2781993840331,81,79.4872713766672,370.7521524389896,40.424551601843156,8,4
165,Hydro,19.612202254986617,29.102171661464187,13.350997985829409,201.3637821359744,156,60.939564351387205,223.84560337750057,44.94647939967125,15,4
166,Wind,21.873746101186452,18.837929050511573,1.9107062766933636,258.62083488803876,72,57.797619196367805,336.71823579410966,89.46586405856303,4,1
167,Diesel,45.20793472468742,38.36977261126212,12.47718649353146,164.70635343229588,47,32.724196888121554,56.220438882611376,66.14744340226085,19,1
168,Hydro,17.41277335116502,32.97911933232654,9.035353574744583,330.21506487149753,76,47.401751618934355,376.52232082198765,1.797851230869859,3,5
169,Solar,25.69947445799054,33.7046496364792,11.732169263509482,756.751505688635,196,85.86059825311798,408.2296737476004,94.3743074731672,13,3
170,Diesel,39.18265063705715,28.688620083992795,3.3602841548972684,519.3858595039374,78,53.50943779701,356.35054933246516,24.47730213179341,8,4
171,Solar,19.827139116063506,13.36745517090895,14.737474898883642,204.88127415071256,22,62.8020312334061,483.9591578879191,11.653804291226026,16,5
172,Solar,31.104335011393676,11.429914778673105,17.25594155086457,877.8300781520409,184,61.921300739055106,415.0595081557138,77.04468965970734,13,4
173,Wind,43.11818543733726,89.01779117888252,4.334796001815513,879.5818549515292,198,65.4258653893616,452.51592665950375,50.5472542708051,3,2
174,Diesel,47.4760311828821,44.22185069886899,1.9142911104032345,870.5784250460069,40,33.67985733859696,467.44983089424755,43.943286035783736,16,5
175,Diesel,7.353674046451896,40.74613177277453,0.4727717209267279,238.79621138153928,123,51.7305752879237,402.6605160181662,25.700804888591435,9,5
176,Wind,46.32938125807472,64.3717826154456,12.839430008865321,451.2393441809881,31,73.38769643295325,340.38683258318457,55.199677496369546,14,4
177,Hydro,24.60581465397691,27.460311029205133,12.141880721775616,984.9896561408751,102,42.03361506437898,12.80210486678675,28.16407591505616,13,1
178,Solar,12.912219414947918,85.99689471601803,10.9339482542814,772.0124763099903,180,42.214702652781625,238.2546190793311,90.2567175234197,7,2
179,Nuclear,22.956787811913067,72.90760115324417,4.638941922319509,27.167421225559817,76,30.605436401341485,289.8695263249569,22.305243493586087,15,5
180,Solar,49.00162876427385,17.15288018498076,7.818119918110293,65.20459126049205,63,56.24891559649258,158.9748334995198,88.5511598951196,7,1
181,Solar,24.63090469964348,43.40646206279427,11.889526703723462,463.93137681233276,147,82.96406284040532,165.8711789827013,56.38113714700834,6,1
182,Hydro,16.437580514375412,80.32946460497317,9.935337177183388,909.2202058615602,51,33.11405661523854,480.9681136979809,83.02032525562886,2,1
183,Solar,31.67004271583629,85.57856178331282,19.755710404297744,538.7017979527142,73,41.46712256976016,446.9383239493455,71.57175359023455,9,3
184,Wind,12.007280938909654,47.39212089998958,2.7287950511346626,497.8125080342902,135,48.605072300565304,426.09771269583507,69.97281603223811,17,4
185,Wind,3.7931664054331957,59.07291113685662,13.902891080951875,105.47369995663058,30,73.90348419385278,208.9457828359942,33.11023496181052,5,2
186,Diesel,6.443986095532461,23.36271568736602,8.086375362085843,656.780104724294,178,68.43813556815519,16.712289700368128,24.155796215748143,12,1
187,Nuclear,6.402291947888622,89.29349009095813,8.563992298512295,822.1031606002255,161,54.9566342749113,49.308900763299896,21.877736540398026,1,1
188,Solar,7.595134675614718,28.53373611067547,14.351955313163526,380.42000750756233,44,75.54413635550254,162.9762204266258,85.86197404889928,10,2
189,Solar,6.941358632470507,85.41854193081005,13.848723026487393,775.6118509253274,193,66.57786069941412,17.71402736788172,82.22225520564298,11,1
190,Hydro,32.04373724016073,61.97173191938948,19.825119874043764,964.4766539008116,39,83.76244797943315,18.403393138447075,44.61677927321843,16,1
191,Wind,9.094004219957242,58.61894359030873,2.5678857890825046,203.7664591276891,66,79.08160494832158,459.13561780478136,14.108056736149006,14,5
192,Nuclear,17.28336416619316,51.015080881320685,2.0821929876833267,523.3296311947413,56,45.16881636535203,356.0176660383365,38.84297294576838,8,4
193,Diesel,44.839420495300594,28.453584937420693,14.486776342574823,287.13795808457553,172,46.286314658052014,161.3884351333948,62.31500195955423,17,3
194,Wind,23.69808201314362,24.12224256044066,11.567738340128182,792.8544190338393,28,37.52138854754314,74.99584302446705,45.985912293515334,18,2
195,Diesel,33.37788692605136,27.63889672561403,5.483213331196117,577.5933658811575,123,50.21788354304739,260.7015017685878,78.2387375798165,12,2
196,Hydro,8.615993560081492,24.915060971540363,1.588387379779732,634.5824175503037,17,89.97263512314566,12.619618818638584,99.76465940288716,17,1
197,Hydro,9.614450940433539,72.36675788534026,1.7131649919286107,797.914159615894,35,54.345070116903656,469.8227344904906,19.922076756440788,14,5
198,Solar,2.043430813323943,38.01002073333841,17.883817493282365,395.9704726624549,122,43.22930608134638,213.25940850058413,46.505431146297674,16,4
199,Nuclear,8.446753153608228,14.62741412507171,3.837346494374858,915.0900684070432,80,75.74897306853319,207.14412806629306,43.66740629016138,14,3
200,Diesel,13.92951695159793,87.52821041126491,6.467431242310415,533.02886724614,39,62.54826020775936,201.39086771507328,31.144760742146133,9,3
201,Wind,8.85052421383734,80.70287079707406,4.53312804453976,157.954822835348,144,38.97608697161715,43.97088189000473,20.61145615530867,4,1
202,Hydro,4.43512668785278,84.22018265561704,7.099926116638747,695.8991181688025,76,52.84138086965194,322.777897497995,7.503519532476263,11,5
203,Solar,6.03179355503004,89.59262581171483,1.3884768549218673,793.2613504382545,74,54.8681829323606,369.17177361789317,88.82481240514615,6,2
204,Solar,23.038938401636287,23.91161993755898,10.381195818165407,316.76167706752665,45,75.22978203415312,341.3014448182622,42.56502107094544,15,4
205,Diesel,10.316685920289625,41.699361512212704,1.352251271844298,857.179256998753,34,31.240282133514267,77.83339173140321,50.192656331504836,5,1
206,Hydro,18.213493052403773,70.6590780563273,16.007130156447232,906.1432547657664,46,46.141178807898626,293.63168233744034,91.77726277189066,11,2
207,Nuclear,25.170863542742843,65.68164944430337,4.6742416382086605,276.90448737780895,10,61.055778078931326,289.04739724440435,77.85275727407884,18,3
208,Hydro,34.51974143146826,22.311672507188405,10.800238292090212,983.5214727152221,152,46.1308045471706,435.5212860912772,13.919625147601238,13,5
209,Diesel,1.9656069920549468,75.26664999924942,17.601581751229165,140.71152804875842,46,67.70604284513993,195.77255260406702,56.976576793166494,11,2
210,Diesel,39.97051994545213,27.955245746932853,13.017547380943883,202.01566840248998,150,58.91204875647699,192.02811239312277,44.78297537543635,14,3
211,Hydro,31.39501947454539,27.905409185809845,10.659155731026706,184.22483923802614,145,51.70261529157484,313.07825877191095,79.92389618529752,18,4
212,Diesel,4.087951597443595,52.957953831473084,6.486675062307512,893.9897100078704,142,86.95251761223074,320.2056002147614,72.69902221358298,19,4
213,Hydro,43.67893120533886,57.43519478733625,6.660038261163958,654.2925523249619,197,67.92956995118745,239.94976138963727,69.35016646919613,15,3
214,Wind,46.04362002659066,56.40689662702489,13.389739103963802,152.10428322227287,137,37.79648233607647,227.09908754190633,34.713938712509794,9,3
215,Hydro,3.0538979927431873,17.31894699182039,19.88278722442335,440.323418368349,136,63.60550184660373,252.1323586125625,80.6914093095262,8,2
216,Hydro,13.843882407360187,80.19686901043043,13.236783796987572,615.2980250698021,10,76.84391119205407,431.91219675662285,6.186738263891261,1,4
217,Diesel,40.31006398965307,31.248003407096483,11.155668347400498,83.4640849893833,173,72.50938184956783,235.9717816144159,16.802865241784556,4,3
218,Diesel,37.41298451918292,20.361193702624334,14.613010204784922,882.4163684073387,44,40.32535375771556,470.566578065213,34.22670402481326,14,5
219,Solar,9.226050967818866,81.09984638951818,9.304112245674363,803.6035354415352,113,88.3451999424062,256.9618441621998,8.603936665858846,2,3
220,Solar,10.467466166835514,86.45211985838027,1.2028468520157043,505.2067735766382,32,56.92881874479636,475.1083396586368,24.264433475934467,16,5
221,Wind,18.5236051395691,78.97020938123605,11.245936317558197,967.1266152591704,18,39.54150022441568,418.0876319158471,83.1849473167939,3,1
222,Solar,24.226149259551065,74.76128597799024,19.152505690107603,417.7609792750997,43,40.811745247688876,187.59134808175625,94.87690224121785,8,1
223,Hydro,30.912738576514798,62.41935845112174,3.506058847153193,984.1103190364978,183,35.89409953134483,433.1842964353419,31.15563322164486,6,4
224,Diesel,18.445681978488622,54.06858964873115,13.800097816413315,667.9199988036271,137,78.21108650609605,63.93100925854646,27.187064594894984,16,2
225,Solar,23.126735806657393,16.958940792912813,4.0186737731811295,634.6712732539414,13,37.32182965931092,463.2731159180771,28.709372572396262,16,5
226,Solar,37.37354690668783,42.676257045655895,10.716553689461625,165.954895295785,167,37.50751542850482,319.5053223906169,28.49418964773354,7,4
227,Wind,1.834160144529895,39.81508136098512,1.9335289929343924,881.9277583046439,111,81.02829688565026,36.65146677593248,4.557088036411326,13,4
228,Wind,12.621847217201038,30.7803027008261,9.007418725163703,427.48968792061515,84,50.67624506685358,325.68579458889764,92.7647182867797,13,3
229,Hydro,35.66747929422762,67.87360909508679,15.123266577904921,162.23340578247937,108,31.851474258484348,487.3813505309305,22.156116015462512,5,4
230,Diesel,44.76034188435997,49.67005880630167,6.9514304847796415,12.60751997575904,81,33.113717971104656,44.202320761168174,42.58040333405909,18,2
231,Wind,25.583872105783307,16.483697272611835,13.29823448974436,559.7556836383826,12,38.530226802233734,281.7969777922423,1.9590013913558062,15,5
232,Solar,26.605674263265783,27.614656155984907,15.908999215794584,527.3996221226763,151,42.803600878541374,376.4192313820925,85.93755400059067,18,4
233,Diesel,5.358600566988803,64.66070109276768,18.543556389589053,719.3536223691585,197,69.90877165430433,407.02670748277035,73.3845771010368,2,1
234,Diesel,22.370618341172733,16.090468759224017,4.692841637109071,890.2580530178021,182,39.43957680010969,212.77545800718997,94.72884748219661,10,2
235,Solar,26.630863322751157,78.0965531239015,7.986318316186162,79.40658464302952,43,37.132463470624316,110.04161399243907,78.37993244044351,13,2
236,Wind,12.123525181736483,49.611722161117946,3.0483202666083486,731.4964903403624,54,75.88314848857675,30.747716598468077,32.05694469315446,18,1
237,Solar,13.462161547469048,48.44692618613184,19.849670043167503,187.41194409758222,70,70.26331703159487,294.0658169776401,25.53946251411394,15,5
238,Diesel,18.864208155231132,57.392622772761406,18.540019358485907,858.177053157164,92,56.11945328731417,231.92642443112928,70.073914447776,12,2
239,Nuclear,1.0035598888863184,75.97447727401193,10.799142605611191,819.0635138616561,132,62.95858628880624,474.8847536233584,37.04716472603944,15,5
240,Nuclear,16.103958279158913,37.824736632175444,16.840665887528424,540.7937549855444,111,48.71904121958511,39.6964047803058,57.05528655950904,13,1
241,Hydro,10.572400349827232,64.24129220472508,10.419159545440843,710.2427986233115,25,58.95002521412164,345.8437182885428,1.6194896316205527,18,5
242,Solar,16.374867608895734,55.25855711966329,12.471713760055195,314.3501131837484,75,60.40035893896474,22.23344883882801,7.126684466367049,15,3
243,Solar,5.988106590962561,31.362261613553706,1.7824886423203323,471.16789893281464,177,53.234236270685756,94.00274658816593,54.00142617698347,11,2
244,Hydro,44.52636403699475,80.29039890841264,15.105408409936159,821.6368977104717,154,84.39433264032976,232.2537099621887,57.04109299836834,19,4
245,Hydro,29.679622677702433,73.79408172855425,2.5542696727046965,459.2651971732139,128,30.963711898860367,232.88749697340543,75.39384150147502,3,1
246,Hydro,33.95511595722448,62.67614677267404,16.521352605050566,357.7982653254418,171,76.93027578547478,345.9932660374855,14.064566642772212,7,5
247,Diesel,39.45856193036691,78.04653832753935,15.640561753407718,494.2124472502999,133,37.462969874479455,456.00438708520073,51.8051252919211,14,4
248,Solar,24.922109946452863,79.3835360767842,14.17489395485953,828.2492524372184,153,77.85284163223196,323.1257578683112,20.25031679873717,14,5
249,Diesel,4.346014404371185,66.66903813720279,0.7232076104952423,335.20804737087275,111,66.95471494060328,477.23219794723934,10.226415836706774,13,5
250,Hydro,26.85532709092739,76.96106626909376,6.062567118906572,173.7615931357438,197,80.59668545618413,441.99166354021884,41.639083611994906,12,4
251,Solar,29.342055901043956,65.79771693354269,5.262251398216858,712.0140203307808,75,35.85085953845385,296.4048998100872,17.170328160816666,9,5
252,Diesel,37.271973709216496,64.41126174082403,7.202728149430381,825.9782127080819,22,63.538838045986445,418.55805595022537,22.95641584103954,1,2
253,Diesel,21.58297731148397,59.48891025721474,1.7528549352767708,100.63747852353333,193,60.065272815731824,324.86302905858065,32.43790340708067,19,5
254,Hydro,6.379015139778188,70.2173311646113,18.739156460621256,239.87411275594474,120,72.37159097780152,48.4933371526263,26.679451673576427,11,2
255,Solar,14.188795289936223,22.688408423445896,11.076044814247526,141.9719897609939,168,62.05743311362055,372.8767143971599,9.671538443188693,19,5
256,Hydro,18.154114819931756,80.46966073591427,6.1104862131604705,347.9414115821666,43,62.444074027986254,56.505136220999646,9.901708241110526,18,4
257,Solar,32.295862066580064,79.74748221961856,7.939630341485668,450.35097890541266,48,55.77575661456388,301.10056247915907,20.131692108182648,12,5
258,Nuclear,28.538915233445593,12.339782642764732,8.944050810096712,748.8263369633065,145,48.53006544044045,354.2937008705321,6.0053596079943565,1,3
259,Wind,17.80483629489231,76.06534004518102,12.011886667212346,651.1475848816741,129,58.935861675131534,42.59852802331907,63.01924494801579,19,1
260,Wind,49.32576243964898,20.309589397875616,10.313588553929955,620.9285674784312,135,37.10954152610404,123.08938042400057,29.445344934381293,17,4
261,Wind,30.288740967844358,36.809508340731355,18.387839464288348,352.3749466096544,64,87.69080033898508,458.67939380820843,28.694850809138032,5,4
262,Hydro,11.861339586799724,69.48066050332862,9.939269658116604,841.44755308476,36,72.8646458175959,311.9941011941192,33.86783112953875,3,2
263,Nuclear,5.089123631020187,22.860791683864655,19.84316029646625,471.28716739816457,127,87.1480270012708,130.68014921716048,66.61683114676244,2,1
264,Solar,7.642956959216601,75.43736192952497,17.028499154901915,979.1049380151545,62,43.603642939797794,348.4330878625232,87.19275426686556,3,1
265,Diesel,12.297886419225406,76.57073423661936,4.170210287146716,634.1421382957368,48,82.76046121059169,302.4204457812279,76.1496063230082,8,2
266,Solar,8.034068662977784,50.597418700866896,18.611904292878325,126.26474156450274,74,78.5273990738123,255.7720929597947,73.0253937922844,16,3
267,Diesel,9.328351202565289,10.510869737346686,2.327327957709522,676.177562075434,154,70.62914474746043,488.331617744161,48.95472737448408,6,3
268,Solar,14.254758434692356,32.96305065399302,16.348994169823833,325.104015431699,167,67.50175116511235,344.89235092967937,69.68675013977376,13,3
269,Nuclear,8.66867976473774,59.35415347005937,7.612465869531602,686.3271966860974,190,48.9929799160722,193.9661437372772,55.72347443532473,16,3
270,Diesel,44.83827123132126,88.49489424219388,17.55948640890139,69.64114816240574,22,78.98464709790184,402.0359817176653,22.40880229046636,16,5
271,Hydro,4.011687283082111,60.54508216133347,17.361133802149006,174.88143717595938,30,60.09092768878403,443.445813531382,21.65024840636402,3,3
272,Solar,26.225569478512732,30.78428648513278,16.118508002352424,855.7372589057863,156,34.253494553477125,71.3580741632474,30.34280868065306,13,2
273,Solar,20.519841349483077,60.72045624796891,15.800608726141228,227.1795570235149,62,48.7717896513078,108.27095914418058,91.16946442601152,14,1
274,Diesel,49.11893084543032,53.198830377268436,6.093582781960816,837.0411252429401,28,86.11782591271967,115.95123447261206,55.19406919759286,8,1
275,Hydro,5.601945108402617,72.3876316120915,1.6183856610250436,279.27608845441046,66,81.04081563629077,348.6937865994048,73.65663232318508,12,3
276,Hydro,19.892779952287082,18.558451106156674,8.059603575303228,642.8819100587076,34,88.91434188459235,305.4893819761088,35.309317221838214,8,3
277,Nuclear,48.473521663768445,70.88223220016224,3.4704902997301734,694.150573509831,40,67.67960295624589,313.3058667023082,41.3638612958573,9,3
278,Hydro,43.275356294699016,53.301326294088824,13.899021778049235,512.654753145053,90,44.85060438842471,470.9789168478555,13.430992285087886,1,2
279,Hydro,40.853603547464,87.03936030871957,6.921994530755711,305.31067669673126,192,39.76890298061183,390.1966510755799,17.958200824345365,6,4
280,Hydro,12.895141352246991,37.34977328309489,19.512204017198297,212.64437637109612,32,41.2148664365077,72.68909301077376,82.90829892778841,19,1
281,Wind,8.544379369503291,60.60975145071585,12.81944154690664,33.18935456242622,41,31.187739500835264,180.2784703883387,58.899024537199324,11,2
282,Nuclear,33.43216099622155,84.5622484408014,16.449611272687218,303.9464012407238,199,53.44092665915635,223.34288662611044,34.41571412249807,11,4
283,Solar,46.46879945637929,18.20077823925434,2.6504934548369685,653.162790531283,83,41.48566082997255,204.0211784863264,80.48226969055905,13,2
284,Diesel,27.83814465069649,84.9782789789161,17.24028964545245,938.3048184484827,19,54.69932762740214,337.9612184893208,25.405470658160315,11,5
285,Solar,28.580634473494992,65.03085778406506,18.455143810267888,871.204482263052,63,86.09966591032592,447.02762059571563,97.62723716142018,18,4
286,Nuclear,13.998954683014208,15.426964728413752,9.741238376378718,766.0647765353026,61,55.8324125704314,159.96521712616612,35.13694316687081,15,3
287,Diesel,38.47464665959684,34.0770853557453,12.125058755019548,788.4473432532986,157,82.67906981909009,280.41979684638096,34.39378446097153,1,1
288,Nuclear,9.352187427876169,66.65376709162253,15.29619601805991,664.9849034759952,169,66.3302859969526,396.81061673765697,31.879278648133816,7,4
289,Hydro,16.183961820212183,15.388048117501736,3.496772545208251,260.286857566003,123,44.827893279683515,213.94684883422119,13.089040076504505,13,5
290,Diesel,21.27182193082084,56.57363681410186,10.051321529268849,907.1950307058298,23,51.351285555552685,92.37788291565496,12.00257758586923,12,4
291,Hydro,25.38051893422275,37.67064455623654,7.973260555446262,670.7323119058341,187,35.03517214928576,242.72597297923664,65.16239841887821,18,3
292,Solar,12.120486620754011,59.67324142139817,2.9274798432449822,560.4406309804399,165,50.00775561576063,37.05903516408395,87.63668641124666,19,1
293,Solar,5.741841236960177,13.659362705001028,7.350688445830629,110.98946921348107,119,70.65245673021204,471.76789246111565,79.26153051689568,15,4
294,Diesel,30.53100212208163,79.7229444921901,1.3634461877098714,447.0555438064254,62,34.326665575766114,46.66239054553679,14.969651808113758,8,2
295,Diesel,14.431527662012789,87.87911753419175,0.5162381389897397,460.3582712019263,161,42.324084508681764,224.8437904727833,55.012630057414576,19,4
296,Nuclear,29.061911071130613,87.51022842285532,2.703325783096455,864.5636095226699,88,52.886462484798685,269.6418179333778,11.45356305168736,10,5
297,Nuclear,7.718135763710116,69.97214653943398,19.262302231783476,546.6482201877885,31,88.92297222095775,492.79887782076986,5.484169717694667,7,5
298,Hydro,24.057005092740873,20.406899210450558,10.99059071790034,380.40054897040966,39,77.09170937753281,91.35069358500178,65.98220007909195,18,2
299,Diesel,26.629471627579292,70.6610556743218,19.3164432230644,976.8003285106594,13,74.00920478952622,66.0714441200557,53.98008103435468,16,2
300,Solar,2.5911768411213454,11.96695331670412,8.64995756660264,110.72059332631568,68,36.971457391526755,14.266012060646354,9.120344835935615,6,1
301,Nuclear,16.830213909696027,11.76988412231978,6.2363226617051915,422.54842831194463,17,76.8597536168995,86.23000406595813,4.458985394192856,9,5
302,Nuclear,6.720733846948712,35.8888175319633,10.122837256804882,42.02467517140529,21,77.1161286909609,111.56375974315714,98.98588492752413,13,1
303,Solar,3.168748523638387,49.091455232373264,8.790233772658203,739.9041207669303,128,66.0661617374597,318.98466137571523,3.972111882758116,8,5
304,Nuclear,49.49801161949726,71.63259342462345,2.1132936852348783,918.0765521991507,168,89.4217069199023,117.6563272917862,45.008297051965805,16,3
305,Hydro,16.117692248736148,64.66363012852042,12.816526293804124,280.03732955048946,43,49.51523435547311,20.055199217369353,50.957283436161866,13,1
306,Diesel,40.493722292731746,45.67221651013987,4.320763650191992,858.3416767991209,91,86.4763468945111,415.04298929621945,12.610734632244059,13,5
307,Solar,12.732032738188192,31.890133302533272,12.39175909795659,292.21823046189775,107,84.88386689739022,189.1418934919437,17.73711606553191,17,5
308,Diesel,34.075136111196464,89.76996001261689,13.004021847963067,910.7701616439152,136,30.688839584962672,183.31137642455963,35.8286956346249,5,2
309,Nuclear,38.011392994484325,44.094504178877834,3.040497062572962,753.9619035967839,84,57.00699158848866,158.21472429228402,76.4059117451526,17,2
310,Nuclear,29.781937030392214,46.11096194637404,1.2269925422133632,804.9067768414386,114,88.6262539830944,487.93290580174624,51.201159981966406,9,4
311,Solar,23.57880942750792,23.089905695333535,15.615231721368797,18.006555600454497,58,36.18728174448455,93.35655448154793,64.15228558074318,2,1
312,Hydro,20.592045707363425,73.58476389999436,9.196008475386403,962.810357074026,88,62.86708166299917,450.1366513370852,98.5322809539768,18,4
313,Wind,17.443413327149766,65.49457806251908,1.1632759101095158,726.6709920703232,194,88.73745042246625,390.6336327485451,77.03253809600776,9,3
314,Solar,46.476457212391296,27.66156902310083,19.897326343395342,304.75109538613333,102,63.32972544635161,47.47517819466341,44.001788315980555,6,1
315,Wind,41.530970389386454,16.590483649267416,1.1556112199273327,829.3946648588469,163,41.38891817832936,493.49725973541587,45.197750257858324,11,4
316,Wind,48.251345533325626,64.43994416597704,13.900704577171064,281.5211984149299,27,64.93099380555539,142.96932213411517,62.2584356270595,6,1
317,Hydro,6.214861174277236,62.36089714249082,19.67357850526827,872.7538395661279,105,42.26643443697281,58.305634240982045,66.87115563347153,6,1
318,Wind,36.54337376018221,31.860762159856748,4.783602084318512,112.58039041193702,47,61.182255773669056,416.3639747216221,50.57038165783046,13,4
319,Wind,46.91702284105189,86.06908498003283,2.8449873737439235,703.6859774607957,96,34.44253307474088,356.27101150207295,64.84126105868302,11,3
320,Hydro,9.061653308283008,22.08463134247202,2.427698788448578,540.6984766449103,97,66.32896015286428,312.4372148801714,3.329716946995778,14,5
321,Wind,3.3248133683388748,44.586784083408155,6.065502951351911,96.53447019544082,59,61.00739634768949,86.43062321247724,43.53266352578757,2,1
322,Wind,37.056032464502955,85.4892736134079,2.020916220212934,241.893828258839,17,74.4096821256878,244.46309696542133,28.6148695312742,8,3
323,Wind,28.723655658995597,43.57818535408978,13.843226833882639,12.40403627731479,178,67.8420282695271,392.47245317473477,13.788270079067928,3,4
324,Solar,42.0914388379136,61.08207581312684,1.2458359626012538,468.76796546450583,143,62.9763761118454,158.7757296904817,10.855104768068738,3,3
325,Solar,6.988618831314475,41.80755183702354,10.188442562995794,301.2652607600004,78,71.38673095488727,162.72801597237032,60.71602439585208,1,1
326,Solar,39.76336559299451,31.937216187893604,19.933937077059536,598.3574842977588,181,38.63651481433385,11.539043963579838,52.83645416810856,19,1
327,Hydro,10.081366002387227,88.71821183678625,16.279405390120377,297.2378077086172,130,65.72157967551624,95.37926680623598,26.10482758264055,18,3
328,Nuclear,8.182797143285224,42.74672050520344,12.304388764620217,299.9191115069847,73,40.326636169366665,438.9487563096988,47.624055818478936,17,5
329,Wind,8.213289896549647,81.52793629433076,6.125072415732234,743.1931987316034,166,85.53133247111285,226.45578090247648,49.73099920305842,13,3
330,Wind,40.728736011569104,28.396368471286895,12.47791672583277,48.142835978353446,165,34.10004629073625,492.27490462487265,20.305889063422963,3,4
331,Hydro,33.25986103481001,27.048376322006664,10.540829278233034,902.8949951919873,148,55.822484981447595,203.89690215115834,65.55721312628341,1,1
332,Wind,26.153271238455964,12.490726630760909,8.521667677807429,852.2638743911815,130,71.74784865932669,360.4413628423182,78.31101628222295,4,2
333,Solar,17.941524206175124,62.133346030070804,2.6142075348039895,667.8046832264065,74,57.48133270009552,148.1403310233173,79.35489054806239,13,2
334,Nuclear,43.86002704065541,39.48210749790089,17.732084304809334,593.2215701073843,116,35.52571519397414,188.26672415905742,60.64451323964205,17,3
335,Diesel,19.622255371131768,79.14865998717096,8.99569297642645,892.3024981396522,156,63.202740967602445,103.45573391953837,51.65221966938239,11,2
336,Wind,40.82997197357886,47.85679253532457,3.8924502364153013,185.33017952871444,146,68.49791452964126,180.06056056470354,7.039707157534094,2,3
337,Solar,21.95674542851092,87.45547423317774,7.355187017545792,78.96916219082861,164,72.22753865943045,278.1463850061151,29.49529858630898,16,5
338,Diesel,18.84722147124538,24.842041256249694,8.282595050578541,239.5101699095381,171,52.39558886776554,495.9687116798322,10.23387323103882,2,4
339,Nuclear,23.13398928348032,79.48985343644887,16.550757911337485,794.5782787001903,181,63.81959826172573,335.45883940517496,96.4184929269689,19,3
340,Diesel,15.068893708207105,72.12774822333934,14.672287611228041,34.67026672648332,109,57.04118849633478,107.63051766007389,14.37293447635031,19,5
341,Solar,37.380469008812554,71.67374757152416,15.386097872826795,582.8068350834897,91,70.32336232513521,32.031106379860056,16.0257655752591,16,2
342,Diesel,25.136019504623956,77.58265824935101,0.22062528857294428,995.4375161913099,152,65.01341803948911,71.9146758441102,89.06808521471872,19,1
343,Hydro,11.610634757340865,70.88191927543991,8.32307996359523,855.6960938375394,60,61.54537317354809,285.65204862379323,94.44890006416932,9,2
344,Diesel,44.978728663728425,60.09762573051323,9.626883032706473,521.4456890435895,150,44.971462010294914,384.9285611202155,76.81707488425607,1,1
345,Wind,19.19456106866057,20.499590214591006,0.38384553646113373,63.64090928664234,92,30.121111064894034,470.805411577366,1.5350874435943171,10,5
346,Wind,27.17764305569943,12.602094359300153,5.196264174900684,831.3735143857099,186,40.444900518685756,17.753354278442202,1.1332808246998063,19,5
347,Hydro,45.32360554822735,83.66782782525495,15.2057964624427,598.9785081772105,121,37.02396248545012,266.1524693653162,38.43197620895763,1,1
348,Solar,31.211899795699605,59.33202516165905,2.742194114579981,114.93299705956683,65,56.94508470065681,240.7250045493566,15.19614163107836,2,2
349,Wind,5.844902035418204,73.7229832780941,10.706202629051834,93.8572848233562,188,66.73548904571068,331.46696076809496,2.8202280730081313,16,5
350,Nuclear,46.991606180673756,48.52178812100401,4.30403744034475,909.6268194365924,174,42.785100521088495,284.19363868801753,46.94260225104596,12,4
351,Wind,31.385402653570893,19.38465511699156,0.24241549287786546,669.2002629380785,154,86.34342575803123,346.64918378541546,94.36312784329019,8,2
352,Wind,16.745280732854305,20.014863376204033,4.82402915199083,829.2867993167555,195,30.400927753433265,332.4604665271033,33.05813791534071,18,5
353,Solar,6.963603633169363,64.84522297831771,19.517475098201075,878.9789002822673,166,76.33806090992057,67.33574518039364,66.45292716444095,2,1
354,Diesel,39.7012594635148,44.424471591957015,16.03074223765979,571.7723520483222,170,67.51228617182653,401.8617776731726,65.57129996011163,13,4
355,Wind,31.003637796425675,26.041978136026938,19.191532886420667,517.4463517550413,69,52.413288062860914,70.38396210099917,25.85693026285161,6,1
356,Hydro,26.673054598816076,49.327563739314954,9.75708087852725,430.4274103209902,129,33.02933666474448,352.2800063524772,65.39209963356257,6,2
357,Diesel,44.69462915254788,15.136714966010727,2.19472397355007,316.94658779111927,192,67.64919430705676,213.91123014389728,22.021063454402235,9,4
358,Nuclear,39.42986056122654,56.557712153151904,10.95918977947386,434.59596085871175,147,53.13681077193888,261.78685994253294,13.078733944112015,16,5
359,Solar,7.583743986637559,31.519472354807814,9.087546691199218,773.8796557301564,184,86.17602836479315,452.6160270440982,70.43694527040932,11,4
360,Nuclear,15.586103389777412,73.80472805097506,16.88714165479232,601.9234310151315,32,62.519404493385956,446.0430259720084,12.230640893287756,7,5
361,Diesel,12.424456990723288,34.8289567138859,1.9616516156848918,892.5232899548461,158,86.37909067761049,410.74958977096446,99.69401264034617,10,3
362,Diesel,37.19731462863385,46.4176119265441,9.764822740435564,443.38001437918774,22,43.22902160839824,259.9727064235984,19.1617877138727,10,4
363,Diesel,1.676621736788969,10.92964319264805,3.000973293879685,607.0895787187541,110,73.5435546218462,370.7575069655782,59.820044412889295,18,4
364,Nuclear,28.494484243565825,15.79575102356471,6.493518537801199,631.3075530919887,170,67.03494125092354,261.3195572042166,41.72608256984635,9,3
365,Diesel,38.122934287034525,41.399484512534784,14.747141547755993,591.6971623063255,33,74.36449378987871,436.10698041264095,13.512255818161044,15,5
366,Nuclear,43.838281838087475,48.39510677736988,9.520362587375331,702.6337730855163,117,42.88007183835221,207.36015828412096,3.756546850163926,4,5
367,Diesel,17.104087435795375,58.001643849544294,7.517765702915387,237.43346837480627,20,69.89967097426643,485.41531876328963,62.650495946990496,8,3
368,Hydro,41.06286523360064,33.33300629674426,7.889525571400706,512.3637775457906,26,59.882423583412134,466.83815153215,80.86899881512349,9,3
369,Diesel,5.531586847760361,65.5985508901234,9.188935368119733,104.22480280834768,184,74.56949849437898,373.3852835313749,84.35955048916766,13,3
370,Nuclear,42.32261458672591,78.80979177513636,15.700330876741138,384.5113276448125,34,49.62267864910906,146.91378324627527,48.78863383461651,9,2
371,Wind,6.374433116599121,72.38807911146799,17.84169377880469,487.66706862126443,103,83.40342152791516,74.51025850869661,77.96809125105617,4,1
372,Diesel,19.864364528018363,13.169506027868572,19.106693730078565,652.2242595454725,30,35.05807887668102,428.80469054566674,67.61186621536594,17,4
373,Wind,39.86476828897768,48.44055578062631,15.738067725105902,950.5310525862035,93,78.43135912747128,90.99812020760102,72.70119822241419,16,2
374,Hydro,7.4958713674386885,18.39441427345399,6.3081379149602546,600.6510665483559,149,81.67917754890544,428.5877866086945,49.7673015169596,15,4
375,Solar,11.462569761632075,29.363601269002196,13.762694121730842,743.5939161765598,46,79.03513868200926,250.47485328905663,63.70776228397058,3,1
376,Hydro,36.11262841965331,88.93300746137172,8.752062481107838,506.26605949520274,51,60.76358365570656,209.21282406597106,80.74706544402964,5,1
377,Diesel,36.00182682730372,21.39964343212106,5.093412440921023,634.1040313763314,154,56.30309880184568,452.56348162887025,40.39053338014528,5,3
378,Wind,32.057381644264865,49.911052276108485,16.817431588518453,70.93221613377342,110,89.77573719149261,305.8869814447362,80.79191118589078,15,3
379,Wind,34.697422223355,59.452458745449526,0.7685269792464999,254.39158084184697,57,43.750317072849725,292.5408634935617,59.60966743611722,18,4
380,Nuclear,27.13622216737981,66.19719764352831,18.03523984270847,361.8530932051387,112,62.81255795256268,283.7953128659548,17.424201412707838,15,5
381,Wind,12.589952945347637,54.77189467895313,9.229549292494683,472.4933550065136,37,70.24053152293953,191.8730628495704,3.4437315652338767,2,4
382,Nuclear,17.284799675195973,10.781667793534693,12.744029536165609,45.64874550238373,50,72.05205815168591,394.96512072927237,36.912606439516054,13,4
383,Solar,9.079885840071283,36.11690465951935,13.187078444115654,140.0240975533177,108,42.24147994431472,133.87123756772877,55.12293650133765,4,1
384,Diesel,45.422528066681416,51.416931470776916,17.902354814130728,276.8143077913058,56,69.23964554038807,470.05853042022477,84.14221486814535,10,3
385,Nuclear,29.169589738306023,17.02931993158667,12.733393643344147,971.5326909010506,155,79.10217398888024,448.0527504730108,13.621082333884374,13,5
386,Solar,20.042570838181994,38.050154496734464,12.278671695201236,331.34700710305077,114,33.001114609266736,175.3653595807001,80.22042842067434,10,2
387,Wind,23.100290182206635,12.656248703309325,1.3330408112137992,482.0410581120825,133,84.691277599519,367.4372472175152,86.43789556065546,9,2
388,Wind,47.36416698059077,16.28627977240166,10.36816043890408,196.09771273839294,22,31.770243308712356,290.8793652802998,15.918061213082545,8,5
389,Solar,7.66757015580401,41.75386209612768,3.003380016340833,610.7800710757682,150,51.35826194930366,175.44815797962497,85.30783761111769,3,1
390,Wind,29.31149160083986,20.617260323444828,14.748675374429713,280.6832155159743,109,30.948791773977725,494.3756075177689,99.15390321643642,16,4
391,Solar,25.2944339442233,55.40326786092465,10.24443841625349,206.9925784384268,40,34.62871011237491,22.366299465649462,72.95704427377552,14,1
392,Nuclear,30.57271177173239,65.15719753098125,13.604555584167066,516.572628445979,139,84.67009711080475,133.79655500443045,78.69219850067381,9,1
393,Nuclear,0.9055091910420254,74.04693592872663,0.8334580120476853,5.505799160420821,25,51.29164984476887,264.8362899444637,99.44711148832847,11,2
394,Solar,43.606195447207575,26.012019539584806,1.6958403209160644,7.6640326492253275,146,55.48629182550317,265.7569717044963,60.942643802068595,3,1
395,Nuclear,46.60591412418062,23.39860658072558,14.326467761253646,219.06880910185777,82,42.92066288295316,298.5772067233264,31.48075181960869,5,3
396,Nuclear,28.256659179460446,18.36542722675202,1.4416867199734673,36.721362500821144,175,65.82574621120318,378.32132429123044,83.91555257352951,10,3
397,Nuclear,34.83254119384461,60.914419963490936,1.425134555305172,108.02575413069138,63,65.68819288066737,315.50413695445525,61.834091973651496,13,3
398,Hydro,46.124969058864785,66.5180581189521,0.242169504697749,338.8606493387516,193,52.33202350951316,304.1379156587381,58.5383469483747,4,2
399,Diesel,35.36193171566993,12.526891586051363,19.1300279659896,802.5856795798129,109,49.9820923083239,36.22208682739121,26.10991999588979,13,2
400,Wind,7.626952145713068,84.89697969949519,14.75016718918014,572.0486433693009,118,83.09785849083526,194.49984101675616,75.87709268870577,12,2
401,Hydro,28.81441800834066,14.157702692117793,7.065028170041283,512.6677259564165,96,52.997054378532084,123.70731245356644,9.08506031014953,5,3
402,Nuclear,30.335752319142795,53.30370682408564,5.930711625753105,293.48882320812163,182,59.61005952926449,140.03135468496797,92.50442000867146,10,1
403,Solar,21.2065335651193,66.72484155607332,6.994064594916991,931.7537194328164,171,46.998285745495835,281.62536242676896,33.25652261627799,9,4
404,Nuclear,36.82221178123614,79.67752989968685,15.493070623623638,397.01504123719167,146,77.20617020142764,107.75760431550813,13.649690626209054,7,3
405,Diesel,46.718350738450745,67.12695457059422,13.227412221408288,87.0927667957715,17,53.8468894139455,154.0350594982798,44.79428677713946,2,1
406,Nuclear,46.278425645338814,74.13824664558335,3.7039113573493587,617.0665161178013,16,60.81666279265947,126.17150717349665,5.204521016396782,7,5
407,Solar,22.541968570206606,37.15601540342448,3.482186706681687,113.83839347660141,45,45.20143020357968,474.7664421769154,68.77799323223167,8,3
408,Diesel,5.661902292037762,75.18600909972098,1.9679129942679463,345.22314280169206,27,89.25957554047511,472.88620876383663,90.36784553409026,7,2
409,Nuclear,49.242059948116726,16.409187710774013,13.206054394026763,507.4119387178089,12,47.48974445542338,308.8713637120653,83.88903770671237,14,3
410,Diesel,41.94490432229671,81.58533248484221,15.287453244434719,874.2225246851758,37,76.24455185433311,463.01600967863095,13.609577871340226,19,5
411,Wind,6.2331340601633425,53.8073900922989,5.3009285665000805,493.5465803401187,79,55.64973902140555,395.04819627950286,13.500842573665453,5,5
412,Wind,46.04209413086862,75.3838215969995,0.41889922061825624,702.2587660316642,181,42.373044305048396,299.0744625728863,81.53001375010214,18,3
413,Nuclear,43.49481810310641,46.18546276146401,1.643433349528547,992.8168389990703,158,77.98312583789166,13.153253633429898,92.50117318570848,12,1
414,Diesel,25.941902856303606,61.486215615721996,19.35720069690061,131.48911989798162,37,50.01640734174259,388.53298017890796,46.60631315351542,17,5
415,Solar,29.563771787246463,52.11221287488905,5.908895549548405,274.7315255195195,63,81.91160084386865,354.21928737834975,50.39814057446283,13,4
416,Nuclear,19.95013519350651,68.52716174042655,15.384462956762672,394.5760755976464,191,84.91543109506938,311.47429010838283,32.50794209718686,2,2
417,Wind,2.7380819411015667,16.530398562447168,12.493271377085275,421.82817853883137,74,81.58943012347655,382.60791272441116,89.53224670738499,13,3
418,Wind,16.759862082295047,14.828166719245104,7.6387927930579185,411.0210752655458,109,32.10047488840834,261.3318607396352,64.84538762394324,7,2
419,Nuclear,40.14267242990057,29.768258720811716,4.113745243911103,907.6110025565549,30,77.24240070030633,355.0008029474561,29.53690613956948,10,4
420,Diesel,0.23160115023014294,22.763574409055067,2.4277283631881286,714.0326444668565,22,54.680367989948635,468.2343224959817,30.57950423437091,6,4
421,Wind,16.67495858455721,79.74268532737614,12.300259360777332,607.9052140907038,66,82.4233752109335,194.14445776458228,89.22880723329664,3,1
422,Diesel,19.908434679547167,27.537118988643545,15.49267561275576,309.3727178627821,58,68.27725576108432,356.97969910130644,2.3497683666763254,3,5
423,Wind,26.869780146896144,88.0692204655305,12.878085070822614,823.7903842212947,127,80.0185880486375,243.08703082536977,32.9499306999372,18,4
424,Wind,45.992780820638025,36.951663341688544,10.606042664983166,955.060511484989,63,59.965906192010124,340.45582938885093,55.88131144042054,11,3
425,Hydro,17.317299718298063,24.569433255095944,0.8390244686327253,821.1982825502265,147,62.10153027593597,383.8177344216384,15.673528747833139,5,4
426,Wind,17.347660094811385,73.17588057139832,19.369775551887678,1.5651051914729042,62,38.66325792802003,32.27172521354002,10.11777666575939,19,3
427,Solar,36.87506240548742,62.69662204007009,15.97428383309149,636.401370183407,53,77.03924152136133,326.83421753484436,81.71235677796544,19,4
428,Nuclear,22.610897044490358,49.85565731625112,5.856440734019294,51.13538144210072,56,55.1633767000183,121.10318035940284,89.54603447620222,15,2
429,Nuclear,11.230241146999099,54.4290840750105,19.599406587177015,257.60722033372184,62,60.004807096294954,338.3159435257077,82.53703565902076,16,3
430,Diesel,22.62197580663467,67.53614226178111,12.037631792726442,59.524700347771685,83,77.10586284574245,239.4817911075686,89.98000108399742,9,2
431,Wind,7.042851018989992,28.276379306503898,11.648453164144929,603.7954529493877,55,65.93072400476635,389.04084351379475,55.75808513477878,4,2
432,Solar,8.819349325311165,89.70671328453935,14.961463588590643,686.5899134926068,22,42.065923646560044,70.46639945074224,81.41355397804385,15,1
433,Diesel,24.918388636973987,87.98345297174265,16.23539576180275,114.48763806590512,174,65.41395954905357,316.8979523115356,39.02022120071894,12,4
434,Hydro,20.946272475227396,62.026054907754954,13.129572146630053,383.83888304497947,111,54.45797147877934,146.45065717450063,66.96051828642481,3,1
435,Diesel,45.742295053405,25.963396074331612,2.5619149273240005,456.23650895554204,33,58.17153252263176,427.9611777119898,98.89471760752728,14,3
436,Diesel,18.119694955831655,64.41825939450331,6.765350119889968,369.0530217609166,11,31.698676464160066,464.90791776179066,23.347044660073614,17,5
437,Wind,29.02941751390217,15.775872718334067,18.561672806520995,121.02500048519305,90,42.6017609709769,498.23516390273716,39.600074882816976,19,5
438,Hydro,31.61321439597652,12.452200176464485,4.492312236877039,418.9477901874754,109,46.862284882861694,400.0436271893688,48.524690353698475,6,3
439,Diesel,0.6547228294166818,30.614631080897095,7.443340476750267,751.1780478084181,151,72.77760047152834,379.32969450972223,14.66353321498512,4,4
440,Solar,33.17686860083553,47.009836539145304,8.64153765888392,71.00766453325546,147,30.68954839788692,115.59537184510002,9.022822436040622,7,4
441,Solar,8.901798343487572,79.46180043267044,8.788099793889044,80.18001408190345,172,54.52663567374792,174.6434589051533,83.14256376584082,19,2
442,Nuclear,48.053515873472755,68.17352558130465,12.25879164989051,354.77129183598424,162,85.44161222554396,238.18444546351697,97.70264290993103,17,3
443,Hydro,7.433136387655647,69.41652169599848,18.86151675489415,941.7257116189251,140,36.71283699294743,388.95671341330234,41.06778131913621,16,5
444,Hydro,20.731206186351187,44.03946675584603,4.8138542366501,668.5726467229141,120,60.985463293116666,458.33327388820464,9.677333783270674,15,5
445,Nuclear,4.267483403932193,37.674799403757035,2.4300275260183613,678.6699566725648,111,77.19134294345082,102.67815901126247,7.515364308367071,8,4
446,Diesel,49.843712592297365,39.683101038768214,3.9494097971987463,361.919990837865,26,86.551878451207,461.96006748835043,89.24050242966958,19,4
447,Hydro,25.10975051656213,89.01196509888463,17.73849800418539,593.6607912085384,21,74.80659837202307,350.85607965348845,46.91761072304031,8,3
448,Solar,29.76925086600219,13.208735312998598,12.916216253104121,10.131184027743378,191,73.23393291866437,309.27765803566894,32.6827043396768,18,5
449,Solar,3.3538238694213742,79.36251968979589,5.718135784783202,636.0960464095422,125,79.58928541174575,107.92222292815036,48.169665852700554,16,2
450,Wind,37.49802351995889,56.29403268579147,16.318938779372345,913.2869475762367,33,56.77207325865262,37.207266076483776,32.51210537454239,19,2
451,Hydro,10.495279654779289,45.08923353516724,17.22739992726872,612.5734683448192,38,78.35067195706998,288.54780026889057,49.41454175545438,10,3
452,Diesel,44.90271447203569,68.02061283321092,16.930286773805562,873.6985934663451,180,30.47786428472707,329.2426848311573,86.09608329487574,17,3
453,Nuclear,10.256982024100358,48.93351531397623,18.37853067279109,723.9730554660938,162,85.4736633226083,113.28291018379723,59.637835735147476,13,2
454,Nuclear,9.534386033183328,79.87385904653284,5.044820403467232,120.55841640369025,131,56.59839057103052,282.66354085447364,69.77072350820737,13,3
455,Diesel,1.827483392404744,82.05614912090068,15.100838574925566,902.4533072858417,197,63.20281127194485,429.68176735366103,37.102396947199324,7,4
456,Wind,23.603347255499962,43.73767414987643,9.2107899454828,66.44384435577489,99,45.29293493489294,419.1823132729598,74.11208197254136,10,3
457,Nuclear,28.24205666313082,32.14622377880413,16.83997105780123,533.9674725477638,74,74.55184997042528,464.4040384872856,66.99509140305786,2,1
458,Hydro,3.2854319714176183,57.388026287468975,14.569813543232264,142.13712379345768,93,34.59814838851493,189.2840466828714,12.83663777745359,4,3
459,Wind,38.776380834750526,82.98906764933528,15.528948929994492,11.706610730904066,128,82.35814815281012,165.84429054995016,57.69164245844288,6,1
460,Hydro,22.66444173740138,26.852975120453326,13.12323675362143,422.034260127639,165,79.68700974038057,377.21874293059625,26.417606134666045,18,5
461,Solar,26.219513466379002,59.83732668507862,3.5485753893941374,295.0407076541562,25,42.96360697468599,221.24507849753243,80.60547129372569,6,1
462,Wind,22.03813734691141,60.524817607401644,10.900538377938766,486.00049379760304,184,78.55946389711573,52.898845373612495,43.167833138227,17,2
463,Nuclear,20.0381530437663,68.64904179322248,19.693394790490164,577.1998867345508,113,77.18146398368889,148.57255402854486,99.47373235445222,14,2
464,Wind,27.982016565410895,20.525414810180784,18.747761329942378,43.73907230894736,101,67.93299586523693,215.10531991042967,10.157543355957415,11,5
465,Wind,7.762012296535625,67.26599717456708,0.8634747159402334,123.00329512374563,195,52.411210613981254,153.33304848336348,78.2544384112757,19,2
466,Wind,9.096406524763555,82.72260165325127,3.2962963145887425,558.6423964504254,36,46.28992525091207,172.78072976418758,67.69647162067349,2,1
467,Wind,43.089281050675865,24.374648709619358,2.634575469091238,343.16735317265824,190,43.907015417361,153.95019402545148,76.98238422847984,3,1
468,Hydro,47.305773106681634,29.00346599391021,14.51959819970591,729.1734875494479,179,49.11653776581643,30.334591919708927,31.445449753555177,11,1
469,Solar,18.665465813987648,87.71160752333117,16.3557065971389,652.2916485919396,196,84.21350660595182,322.17640340397685,49.713394448857656,6,2
470,Diesel,13.537233657177689,24.47815621675918,4.270227326213439,845.6043629899068,184,34.658446559326876,302.67328597319994,79.85434345264713,14,3
471,Wind,32.19997716195079,78.35080746956633,10.11705385903658,692.4928266692253,171,79.73227657517752,330.1579142545535,24.021591830464644,19,5
472,Nuclear,20.43670855490482,49.38222851584278,16.814060560224,429.9310773901481,174,50.93340450250942,104.23184905647746,23.377286482076556,16,4
473,Wind,1.269317783017243,29.778485952254165,14.656030895325012,672.9666223944324,143,61.29596376068149,154.8707253901178,55.554044376198306,7,2
474,Nuclear,7.807629868309518,79.65999210180091,10.844744109836967,275.3811742554185,144,77.66913801890945,313.6118042030119,52.83279437345572,8,3
475,Hydro,35.798611442369875,45.62442040021324,11.806953809175457,306.3134987782127,162,83.06259282137827,303.8175085453615,28.943984570880353,19,5
476,Nuclear,32.94619709550757,51.18538831437522,10.1672109383256,788.9851599207933,42,50.686885204358816,258.10185158359127,30.509489401957453,16,4
477,Diesel,1.3547996251741745,38.73866955198125,5.950969026376411,446.4195164015822,64,57.71060887650662,181.70249250499674,28.506671157449983,7,3
478,Solar,11.098608096647473,57.436068114794196,11.300439857180322,798.3803405183525,195,54.870963889007534,457.3361923395981,77.37969413785028,9,3
479,Nuclear,11.55373982940357,23.08190980680182,13.777706041001814,822.4223736682784,16,30.795062010234634,176.48741872643345,65.5381856906836,13,2
480,Nuclear,33.59463717993642,41.286522932140855,17.466458317216155,857.5623376612838,66,47.7565733315194,233.2533866542533,83.40930115761502,1,1
481,Solar,0.9855268877182077,87.552985786823,12.725827079584962,916.6352358412073,135,57.55135402395371,342.2757771675623,97.57182980308816,8,2
482,Diesel,5.2054290992286925,30.650674616090203,15.22243074086316,430.9852205132962,21,54.66561653282639,276.08050112471443,47.94226533092665,4,2
483,Wind,39.99580426865947,62.538933163303376,3.20143269909146,318.86681832113885,25,73.31575365094076,179.97412841854893,7.602694259139437,3,4
484,Nuclear,8.92723310271668,36.01520513797559,9.231149488395797,582.1987465941139,52,53.08821703326619,223.46594732368982,5.761138730791508,3,4
485,Solar,32.63730539259374,71.87785005492805,0.18663239654186592,371.1724234376276,126,59.36258693824021,399.29560074821796,30.270838887890296,13,5
486,Hydro,11.909139052336325,20.469892857467986,4.93357729043246,601.074166800233,144,55.7765155279418,146.2832861884401,93.32191434589264,8,1
487,Solar,4.972069637967258,87.58568360628358,14.529234302260097,705.5858626438246,120,74.43756893366222,79.70506749063956,52.79809244211661,7,1
488,Hydro,12.158609549972704,46.30316331069114,19.83619902698727,688.4050184921368,60,81.77834393921776,163.44996889659078,27.906865091932787,1,1
489,Diesel,36.11334659278296,28.884037067717117,1.9835619917443181,374.5528870201214,169,61.91334474045085,426.27176558907166,40.51751265659094,16,5
490,Wind,42.784823405314285,15.879739786401013,8.029886317225765,166.86020169875283,84,77.36593165171146,53.60496027960986,60.26091563306241,6,1
491,Solar,41.51099322834958,23.580632407003257,16.00141937398319,430.52933846220753,17,47.80720092119104,495.9310759525014,65.64201615564637,7,3
492,Nuclear,19.85917648092274,51.58191588448141,4.080712692577977,142.59414408190872,54,62.482176609436124,275.09142047455464,16.2380314685076,12,5
493,Diesel,33.40425682853231,36.9602541145029,11.101698986045726,890.0970351838083,68,50.713797220198344,492.57441454387606,97.72613597797242,9,3
494,Solar,10.249214770791049,76.31066927060876,14.661425920593496,345.8774607378574,141,54.85205553430982,470.108246822129,54.93245047129609,11,4
495,Nuclear,14.657386513050664,44.47100189294447,12.319709005203581,154.45974722332377,113,73.94483188876012,231.87871996334923,14.43314346143565,10,5
496,Solar,44.81679092605599,29.897141807010392,3.7604946923083227,25.44775990575088,166,82.89974893996276,107.26062655662106,89.46989008126724,1,1
497,Hydro,0.6500961755368018,59.371598928322406,7.107691373714788,645.8223862864843,166,37.28972346526592,90.79354051691784,8.389204676863452,18,5
498,Solar,4.2754265427234035,66.54217735083566,15.675835689707945,636.9023174547432,107,68.07835538924283,127.59478829627918,90.86580788457375,4,1
499,Solar,10.394312757301366,23.363352632075987,11.084530282640333,340.6041665812917,165,64.92862845466792,357.9649938766233,99.65999997260926,5,2
500,Solar,1.3266101936909858,23.409537303065413,0.10459227085825473,71.71188884765101,88,37.10490235055591,143.74549741842904,70.34274811649388,9,2
